model_name,metrics_path,selection_metric,best_val_acc,best_val_macro_f1,baseline_acc,heldout_test_acc,heldout_test_macro_f1,heldout_test_macro_auc_ovr
resnet18_baseline,artifacts/metrics_resnet18_baseline_heldout.json,internal_validation_macro_f1,0.6462093862815884,0.6426971012463241,0.36693548387096775,0.6895161290322581,0.6928522807647707,0.864060798472868
resnet18_regularized,artifacts/metrics_resnet18_regularized_heldout.json,internal_validation_macro_f1,0.5884476534296029,0.5757478632478632,0.36693548387096775,0.6854838709677419,0.6772207433698118,0.8465239654316976
resnet18_augmented,artifacts/metrics_resnet18_augmented_heldout.json,internal_validation_macro_f1,0.6678700361010831,0.6661794811399971,0.36693548387096775,0.7217741935483871,0.7193318026022428,0.875694092491031
