,minor,moderate,severe,accuracy,macro avg,weighted avg
precision,0.7816091954022989,0.5245901639344263,0.7,0.6854838709677419,0.6687331197789085,0.6739363561212519
recall,0.8292682926829268,0.4266666666666667,0.7692307692307693,0.6854838709677419,0.6750552428601209,0.6854838709677419
f1-score,0.8047337278106508,0.4705882352941177,0.7329842931937172,0.6854838709677419,0.6694354187661619,0.6773542500329051
support,82.0,75.0,91.0,0.6854838709677419,248.0,248.0
