,minor,moderate,severe,accuracy,macro avg,weighted avg
precision,0.7922077922077922,0.5172413793103449,0.8095238095238095,0.7016129032258065,0.7063243270139822,0.7154064882096027
recall,0.7439024390243902,0.6,0.7472527472527473,0.7016129032258065,0.6970517287590458,0.7016129032258065
f1-score,0.7672955974842767,0.5555555555555556,0.7771428571428571,0.7016129032258065,0.6999980033942298,0.7068746195982958
support,82.0,75.0,91.0,0.7016129032258065,248.0,248.0
