,minor,moderate,severe,accuracy,macro avg,weighted avg
precision,0.825,0.5357142857142857,0.8095238095238095,0.7217741935483871,0.7234126984126984,0.7318356374807988
recall,0.8048780487804879,0.6,0.7472527472527473,0.7217741935483871,0.7173769320110783,0.7217741935483871
f1-score,0.8148148148148149,0.5660377358490566,0.7771428571428571,0.7217741935483871,0.7193318026022428,0.725756633078605
support,82.0,75.0,91.0,0.7217741935483871,248.0,248.0
