{
  "k_folds": 3,
  "cv_acc_mean": 0.5829230720865164,
  "cv_acc_std": 0.014807313442648618,
  "cv_macroF1_mean": 0.5619787814517917,
  "cv_macroF1_std": 0.023128410988441494,
  "fold_accs": [
    0.5661605206073753,
    0.5804347826086956,
    0.6021739130434782
  ],
  "fold_macroF1s": [
    0.534482978553775,
    0.5603848867373631,
    0.5910684790642372
  ]
}