{
  "k_folds": 3,
  "cv_acc_mean": 0.6203904555314533,
  "cv_acc_std": 0.030728169719270833,
  "cv_macroF1_mean": 0.5987324801338847,
  "cv_macroF1_std": 0.03132985947205365,
  "fold_accs": [
    0.6637744034707158,
    0.6008676789587852,
    0.596529284164859
  ],
  "fold_macroF1s": [
    0.6425321642712947,
    0.5710420514018716,
    0.5826232247284878
  ]
}