{
  "k_folds": 3,
  "cv_acc_mean": 0.5661605206073753,
  "cv_acc_std": 0.015440460234318585,
  "cv_macroF1_mean": 0.5431443430972016,
  "cv_macroF1_std": 0.002045890175603763,
  "fold_accs": [
    0.5878524945770065,
    0.5574837310195228,
    0.5531453362255966
  ],
  "fold_macroF1s": [
    0.5459372667132442,
    0.541093524221394,
    0.5424022383569668
  ]
}