{
  "k_folds": 3,
  "cv_acc_mean": 0.6270772422899179,
  "cv_acc_std": 0.0048140322862565725,
  "cv_macroF1_mean": 0.609243880845772,
  "cv_macroF1_std": 0.01468762219108222,
  "fold_accs": [
    0.6334056399132321,
    0.6217391304347826,
    0.6260869565217392
  ],
  "fold_macroF1s": [
    0.6297698690502288,
    0.6017380999407466,
    0.5962236735463405
  ]
}